<annotation>
	<folder>train</folder>
	<filename>11.jpg</filename>
	<path>C:\Users\Admin\Downloads\RealTimeObjectDetection-main\Tensorflow\workspace\images\train\11.jpg</path>
	<source>
		<database>Unknown</database>
	</source>
	<size>
		<width>213</width>
		<height>237</height>
		<depth>3</depth>
	</size>
	<segmented>0</segmented>
	<object>
		<name>cylinder</name>
		<pose>Unspecified</pose>
		<truncated>0</truncated>
		<difficult>0</difficult>
		<bndbox>
			<xmin>54</xmin>
			<ymin>11</ymin>
			<xmax>169</xmax>
			<ymax>234</ymax>
		</bndbox>
	</object>
</annotation>
