<annotation>
	<folder>train</folder>
	<filename>1624637723294.jpeg</filename>
	<path>C:\Users\Admin\Downloads\RealTimeObjectDetection-main\Tensorflow\workspace\images\train\1624637723294.jpeg</path>
	<source>
		<database>Unknown</database>
	</source>
	<size>
		<width>507</width>
		<height>372</height>
		<depth>3</depth>
	</size>
	<segmented>0</segmented>
	<object>
		<name>cylinder</name>
		<pose>Unspecified</pose>
		<truncated>0</truncated>
		<difficult>0</difficult>
		<bndbox>
			<xmin>89</xmin>
			<ymin>14</ymin>
			<xmax>420</xmax>
			<ymax>260</ymax>
		</bndbox>
	</object>
</annotation>
