<annotation>
	<folder>cylinder</folder>
	<filename>240_F_282382806_AMyNpzZmv2UHXIWQSwOSKVZmnKbFIaTJ.jpg</filename>
	<path>C:\Users\Admin\Downloads\RealTimeObjectDetection-main\Tensorflow\workspace\images\cylinder\240_F_282382806_AMyNpzZmv2UHXIWQSwOSKVZmnKbFIaTJ.jpg</path>
	<source>
		<database>Unknown</database>
	</source>
	<size>
		<width>240</width>
		<height>240</height>
		<depth>3</depth>
	</size>
	<segmented>0</segmented>
	<object>
		<name>cylinder</name>
		<pose>Unspecified</pose>
		<truncated>0</truncated>
		<difficult>0</difficult>
		<bndbox>
			<xmin>34</xmin>
			<ymin>17</ymin>
			<xmax>101</xmax>
			<ymax>62</ymax>
		</bndbox>
	</object>
	<object>
		<name>cylinder</name>
		<pose>Unspecified</pose>
		<truncated>0</truncated>
		<difficult>0</difficult>
		<bndbox>
			<xmin>128</xmin>
			<ymin>52</ymin>
			<xmax>201</xmax>
			<ymax>106</ymax>
		</bndbox>
	</object>
</annotation>
