<annotation>
	<folder>cylinder</folder>
	<filename>29155234-domestic-propane-gas-bottle.jpg</filename>
	<path>C:\Users\Admin\Downloads\RealTimeObjectDetection-main\Tensorflow\workspace\images\cylinder\29155234-domestic-propane-gas-bottle.jpg</path>
	<source>
		<database>Unknown</database>
	</source>
	<size>
		<width>450</width>
		<height>300</height>
		<depth>3</depth>
	</size>
	<segmented>0</segmented>
	<object>
		<name>cylinder</name>
		<pose>Unspecified</pose>
		<truncated>0</truncated>
		<difficult>0</difficult>
		<bndbox>
			<xmin>112</xmin>
			<ymin>49</ymin>
			<xmax>326</xmax>
			<ymax>265</ymax>
		</bndbox>
	</object>
</annotation>
