<annotation>
	<folder>train</folder>
	<filename>images (9).jpeg</filename>
	<path>C:\Users\Admin\Downloads\RealTimeObjectDetection-main\Tensorflow\workspace\images\train\images (9).jpeg</path>
	<source>
		<database>Unknown</database>
	</source>
	<size>
		<width>411</width>
		<height>230</height>
		<depth>3</depth>
	</size>
	<segmented>0</segmented>
	<object>
		<name>cylinder</name>
		<pose>Unspecified</pose>
		<truncated>0</truncated>
		<difficult>0</difficult>
		<bndbox>
			<xmin>178</xmin>
			<ymin>7</ymin>
			<xmax>397</xmax>
			<ymax>152</ymax>
		</bndbox>
	</object>
</annotation>
