<annotation>
	<folder>cylinder</folder>
	<filename>IMG-20210709-WA0025.jpg</filename>
	<path>C:\Users\Admin\Downloads\RealTimeObjectDetection-main\Tensorflow\workspace\images\cylinder\IMG-20210709-WA0025.jpg</path>
	<source>
		<database>Unknown</database>
	</source>
	<size>
		<width>780</width>
		<height>1040</height>
		<depth>3</depth>
	</size>
	<segmented>0</segmented>
	<object>
		<name>cylinder</name>
		<pose>Unspecified</pose>
		<truncated>0</truncated>
		<difficult>0</difficult>
		<bndbox>
			<xmin>107</xmin>
			<ymin>302</ymin>
			<xmax>737</xmax>
			<ymax>948</ymax>
		</bndbox>
	</object>
</annotation>
