<annotation>
	<folder>cylinder</folder>
	<filename>IMG-20210709-WA0023.jpg</filename>
	<path>C:\Users\Admin\Downloads\RealTimeObjectDetection-main\Tensorflow\workspace\images\cylinder\IMG-20210709-WA0023.jpg</path>
	<source>
		<database>Unknown</database>
	</source>
	<size>
		<width>1280</width>
		<height>1008</height>
		<depth>3</depth>
	</size>
	<segmented>0</segmented>
	<object>
		<name>cylinder</name>
		<pose>Unspecified</pose>
		<truncated>0</truncated>
		<difficult>0</difficult>
		<bndbox>
			<xmin>446</xmin>
			<ymin>53</ymin>
			<xmax>1041</xmax>
			<ymax>670</ymax>
		</bndbox>
	</object>
</annotation>
