<annotation>
	<folder>cylinder</folder>
	<filename>IMG-20210709-WA0019.jpg</filename>
	<path>C:\Users\Admin\Downloads\RealTimeObjectDetection-main\Tensorflow\workspace\images\cylinder\IMG-20210709-WA0019.jpg</path>
	<source>
		<database>Unknown</database>
	</source>
	<size>
		<width>1280</width>
		<height>958</height>
		<depth>3</depth>
	</size>
	<segmented>0</segmented>
	<object>
		<name>cylinder</name>
		<pose>Unspecified</pose>
		<truncated>0</truncated>
		<difficult>0</difficult>
		<bndbox>
			<xmin>156</xmin>
			<ymin>32</ymin>
			<xmax>1169</xmax>
			<ymax>764</ymax>
		</bndbox>
	</object>
</annotation>
