<annotation>
	<folder>train</folder>
	<filename>IMG-20210625-WA0014.jpg</filename>
	<path>C:\Users\Admin\Downloads\RealTimeObjectDetection-main\Tensorflow\workspace\images\train\IMG-20210625-WA0014.jpg</path>
	<source>
		<database>Unknown</database>
	</source>
	<size>
		<width>422</width>
		<height>201</height>
		<depth>1</depth>
	</size>
	<segmented>0</segmented>
	<object>
		<name>cylinder</name>
		<pose>Unspecified</pose>
		<truncated>0</truncated>
		<difficult>0</difficult>
		<bndbox>
			<xmin>17</xmin>
			<ymin>31</ymin>
			<xmax>78</xmax>
			<ymax>88</ymax>
		</bndbox>
	</object>
	<object>
		<name>cylinder</name>
		<pose>Unspecified</pose>
		<truncated>0</truncated>
		<difficult>0</difficult>
		<bndbox>
			<xmin>91</xmin>
			<ymin>31</ymin>
			<xmax>152</xmax>
			<ymax>88</ymax>
		</bndbox>
	</object>
	<object>
		<name>cylinder</name>
		<pose>Unspecified</pose>
		<truncated>0</truncated>
		<difficult>0</difficult>
		<bndbox>
			<xmin>165</xmin>
			<ymin>34</ymin>
			<xmax>226</xmax>
			<ymax>91</ymax>
		</bndbox>
	</object>
	<object>
		<name>cylinder</name>
		<pose>Unspecified</pose>
		<truncated>0</truncated>
		<difficult>0</difficult>
		<bndbox>
			<xmin>240</xmin>
			<ymin>35</ymin>
			<xmax>301</xmax>
			<ymax>92</ymax>
		</bndbox>
	</object>
	<object>
		<name>cylinder</name>
		<pose>Unspecified</pose>
		<truncated>0</truncated>
		<difficult>0</difficult>
		<bndbox>
			<xmin>316</xmin>
			<ymin>36</ymin>
			<xmax>377</xmax>
			<ymax>93</ymax>
		</bndbox>
	</object>
	<object>
		<name>cylinder</name>
		<pose>Unspecified</pose>
		<truncated>0</truncated>
		<difficult>0</difficult>
		<bndbox>
			<xmin>17</xmin>
			<ymin>105</ymin>
			<xmax>78</xmax>
			<ymax>162</ymax>
		</bndbox>
	</object>
	<object>
		<name>cylinder</name>
		<pose>Unspecified</pose>
		<truncated>0</truncated>
		<difficult>0</difficult>
		<bndbox>
			<xmin>93</xmin>
			<ymin>105</ymin>
			<xmax>154</xmax>
			<ymax>162</ymax>
		</bndbox>
	</object>
	<object>
		<name>cylinder</name>
		<pose>Unspecified</pose>
		<truncated>0</truncated>
		<difficult>0</difficult>
		<bndbox>
			<xmin>171</xmin>
			<ymin>99</ymin>
			<xmax>231</xmax>
			<ymax>156</ymax>
		</bndbox>
	</object>
	<object>
		<name>cylinder</name>
		<pose>Unspecified</pose>
		<truncated>0</truncated>
		<difficult>0</difficult>
		<bndbox>
			<xmin>250</xmin>
			<ymin>106</ymin>
			<xmax>311</xmax>
			<ymax>163</ymax>
		</bndbox>
	</object>
	<object>
		<name>cylinder</name>
		<pose>Unspecified</pose>
		<truncated>0</truncated>
		<difficult>0</difficult>
		<bndbox>
			<xmin>324</xmin>
			<ymin>104</ymin>
			<xmax>385</xmax>
			<ymax>161</ymax>
		</bndbox>
	</object>
</annotation>
