<annotation>
	<folder>cylinder</folder>
	<filename>IMG-20210710-WA0013.jpg</filename>
	<path>C:\Users\Admin\Downloads\RealTimeObjectDetection-main\Tensorflow\workspace\images\cylinder\IMG-20210710-WA0013.jpg</path>
	<source>
		<database>Unknown</database>
	</source>
	<size>
		<width>868</width>
		<height>1156</height>
		<depth>3</depth>
	</size>
	<segmented>0</segmented>
	<object>
		<name>cylinder</name>
		<pose>Unspecified</pose>
		<truncated>0</truncated>
		<difficult>0</difficult>
		<bndbox>
			<xmin>50</xmin>
			<ymin>156</ymin>
			<xmax>799</xmax>
			<ymax>882</ymax>
		</bndbox>
	</object>
</annotation>
