<annotation>
	<folder>cylinder</folder>
	<filename>IMG-20210709-WA0016.jpg</filename>
	<path>C:\Users\Admin\Downloads\RealTimeObjectDetection-main\Tensorflow\workspace\images\cylinder\IMG-20210709-WA0016.jpg</path>
	<source>
		<database>Unknown</database>
	</source>
	<size>
		<width>958</width>
		<height>1280</height>
		<depth>3</depth>
	</size>
	<segmented>0</segmented>
	<object>
		<name>cylinder</name>
		<pose>Unspecified</pose>
		<truncated>1</truncated>
		<difficult>0</difficult>
		<bndbox>
			<xmin>11</xmin>
			<ymin>142</ymin>
			<xmax>958</xmax>
			<ymax>1156</ymax>
		</bndbox>
	</object>
</annotation>
