<annotation>
	<folder>cylinder</folder>
	<filename>IMG_20210712_111101.jpg</filename>
	<path>C:\Users\Admin\Downloads\RealTimeObjectDetection-main\Tensorflow\workspace\images\cylinder\IMG_20210712_111101.jpg</path>
	<source>
		<database>Unknown</database>
	</source>
	<size>
		<width>428</width>
		<height>348</height>
		<depth>3</depth>
	</size>
	<segmented>0</segmented>
	<object>
		<name>cylinder</name>
		<pose>Unspecified</pose>
		<truncated>0</truncated>
		<difficult>0</difficult>
		<bndbox>
			<xmin>45</xmin>
			<ymin>54</ymin>
			<xmax>180</xmax>
			<ymax>145</ymax>
		</bndbox>
	</object>
	<object>
		<name>cylinder</name>
		<pose>Unspecified</pose>
		<truncated>1</truncated>
		<difficult>0</difficult>
		<bndbox>
			<xmin>226</xmin>
			<ymin>1</ymin>
			<xmax>363</xmax>
			<ymax>89</ymax>
		</bndbox>
	</object>
</annotation>
