<annotation>
	<folder>train</folder>
	<filename>IMG_20210625_192857.jpg</filename>
	<path>C:\Users\Admin\Downloads\RealTimeObjectDetection-main\Tensorflow\workspace\images\train\IMG_20210625_192857.jpg</path>
	<source>
		<database>Unknown</database>
	</source>
	<size>
		<width>3205</width>
		<height>4273</height>
		<depth>3</depth>
	</size>
	<segmented>0</segmented>
	<object>
		<name>cylinder</name>
		<pose>Unspecified</pose>
		<truncated>0</truncated>
		<difficult>0</difficult>
		<bndbox>
			<xmin>218</xmin>
			<ymin>857</ymin>
			<xmax>2928</xmax>
			<ymax>3590</ymax>
		</bndbox>
	</object>
</annotation>
