<annotation>
	<folder>train</folder>
	<filename>IMG_20210626_161029.jpg</filename>
	<path>C:\Users\Admin\Downloads\RealTimeObjectDetection-main\Tensorflow\workspace\images\train\IMG_20210626_161029.jpg</path>
	<source>
		<database>Unknown</database>
	</source>
	<size>
		<width>1024</width>
		<height>572</height>
		<depth>3</depth>
	</size>
	<segmented>0</segmented>
	<object>
		<name>cylinder</name>
		<pose>Unspecified</pose>
		<truncated>1</truncated>
		<difficult>0</difficult>
		<bndbox>
			<xmin>1</xmin>
			<ymin>327</ymin>
			<xmax>106</xmax>
			<ymax>455</ymax>
		</bndbox>
	</object>
	<object>
		<name>cylinder</name>
		<pose>Unspecified</pose>
		<truncated>0</truncated>
		<difficult>0</difficult>
		<bndbox>
			<xmin>133</xmin>
			<ymin>378</ymin>
			<xmax>264</xmax>
			<ymax>501</ymax>
		</bndbox>
	</object>
	<object>
		<name>cylinder</name>
		<pose>Unspecified</pose>
		<truncated>0</truncated>
		<difficult>0</difficult>
		<bndbox>
			<xmin>330</xmin>
			<ymin>388</ymin>
			<xmax>460</xmax>
			<ymax>526</ymax>
		</bndbox>
	</object>
	<object>
		<name>cylinder</name>
		<pose>Unspecified</pose>
		<truncated>1</truncated>
		<difficult>0</difficult>
		<bndbox>
			<xmin>494</xmin>
			<ymin>451</ymin>
			<xmax>623</xmax>
			<ymax>572</ymax>
		</bndbox>
	</object>
	<object>
		<name>cylinder</name>
		<pose>Unspecified</pose>
		<truncated>0</truncated>
		<difficult>0</difficult>
		<bndbox>
			<xmin>19</xmin>
			<ymin>168</ymin>
			<xmax>141</xmax>
			<ymax>281</ymax>
		</bndbox>
	</object>
	<object>
		<name>cylinder</name>
		<pose>Unspecified</pose>
		<truncated>0</truncated>
		<difficult>0</difficult>
		<bndbox>
			<xmin>39</xmin>
			<ymin>15</ymin>
			<xmax>156</xmax>
			<ymax>119</ymax>
		</bndbox>
	</object>
	<object>
		<name>cylinder</name>
		<pose>Unspecified</pose>
		<truncated>0</truncated>
		<difficult>0</difficult>
		<bndbox>
			<xmin>176</xmin>
			<ymin>203</ymin>
			<xmax>293</xmax>
			<ymax>328</ymax>
		</bndbox>
	</object>
	<object>
		<name>cylinder</name>
		<pose>Unspecified</pose>
		<truncated>0</truncated>
		<difficult>0</difficult>
		<bndbox>
			<xmin>226</xmin>
			<ymin>18</ymin>
			<xmax>341</xmax>
			<ymax>131</ymax>
		</bndbox>
	</object>
	<object>
		<name>cylinder</name>
		<pose>Unspecified</pose>
		<truncated>0</truncated>
		<difficult>0</difficult>
		<bndbox>
			<xmin>339</xmin>
			<ymin>221</ymin>
			<xmax>468</xmax>
			<ymax>339</ymax>
		</bndbox>
	</object>
	<object>
		<name>cylinder</name>
		<pose>Unspecified</pose>
		<truncated>0</truncated>
		<difficult>0</difficult>
		<bndbox>
			<xmin>379</xmin>
			<ymin>72</ymin>
			<xmax>494</xmax>
			<ymax>182</ymax>
		</bndbox>
	</object>
	<object>
		<name>cylinder</name>
		<pose>Unspecified</pose>
		<truncated>0</truncated>
		<difficult>0</difficult>
		<bndbox>
			<xmin>562</xmin>
			<ymin>123</ymin>
			<xmax>682</xmax>
			<ymax>240</ymax>
		</bndbox>
	</object>
	<object>
		<name>cylinder</name>
		<pose>Unspecified</pose>
		<truncated>0</truncated>
		<difficult>0</difficult>
		<bndbox>
			<xmin>525</xmin>
			<ymin>284</ymin>
			<xmax>651</xmax>
			<ymax>399</ymax>
		</bndbox>
	</object>
	<object>
		<name>cylinder</name>
		<pose>Unspecified</pose>
		<truncated>0</truncated>
		<difficult>0</difficult>
		<bndbox>
			<xmin>685</xmin>
			<ymin>322</ymin>
			<xmax>812</xmax>
			<ymax>450</ymax>
		</bndbox>
	</object>
	<object>
		<name>cylinder</name>
		<pose>Unspecified</pose>
		<truncated>0</truncated>
		<difficult>0</difficult>
		<bndbox>
			<xmin>716</xmin>
			<ymin>156</ymin>
			<xmax>821</xmax>
			<ymax>273</ymax>
		</bndbox>
	</object>
	<object>
		<name>cylinder</name>
		<pose>Unspecified</pose>
		<truncated>0</truncated>
		<difficult>0</difficult>
		<bndbox>
			<xmin>767</xmin>
			<ymin>19</ymin>
			<xmax>881</xmax>
			<ymax>119</ymax>
		</bndbox>
	</object>
	<object>
		<name>cylinder</name>
		<pose>Unspecified</pose>
		<truncated>0</truncated>
		<difficult>0</difficult>
		<bndbox>
			<xmin>878</xmin>
			<ymin>193</ymin>
			<xmax>1002</xmax>
			<ymax>305</ymax>
		</bndbox>
	</object>
	<object>
		<name>cylinder</name>
		<pose>Unspecified</pose>
		<truncated>0</truncated>
		<difficult>0</difficult>
		<bndbox>
			<xmin>870</xmin>
			<ymin>362</ymin>
			<xmax>991</xmax>
			<ymax>491</ymax>
		</bndbox>
	</object>
</annotation>
