<annotation>
	<folder>cylinder</folder>
	<filename>IMG_20210709_153534.jpg</filename>
	<path>C:\Users\Admin\Downloads\RealTimeObjectDetection-main\Tensorflow\workspace\images\cylinder\IMG_20210709_153534.jpg</path>
	<source>
		<database>Unknown</database>
	</source>
	<size>
		<width>960</width>
		<height>928</height>
		<depth>3</depth>
	</size>
	<segmented>0</segmented>
	<object>
		<name>cylinder</name>
		<pose>Unspecified</pose>
		<truncated>1</truncated>
		<difficult>0</difficult>
		<bndbox>
			<xmin>1</xmin>
			<ymin>460</ymin>
			<xmax>374</xmax>
			<ymax>839</ymax>
		</bndbox>
	</object>
	<object>
		<name>cylinder</name>
		<pose>Unspecified</pose>
		<truncated>0</truncated>
		<difficult>0</difficult>
		<bndbox>
			<xmin>559</xmin>
			<ymin>533</ymin>
			<xmax>925</xmax>
			<ymax>895</ymax>
		</bndbox>
	</object>
	<object>
		<name>cylinder</name>
		<pose>Unspecified</pose>
		<truncated>0</truncated>
		<difficult>0</difficult>
		<bndbox>
			<xmin>305</xmin>
			<ymin>5</ymin>
			<xmax>683</xmax>
			<ymax>386</ymax>
		</bndbox>
	</object>
</annotation>
