<annotation>
	<folder>cylinder</folder>
	<filename>IMG_20210708_171759.jpg</filename>
	<path>C:\Users\Admin\Downloads\RealTimeObjectDetection-main\Tensorflow\workspace\images\cylinder\IMG_20210708_171759.jpg</path>
	<source>
		<database>Unknown</database>
	</source>
	<size>
		<width>1912</width>
		<height>1080</height>
		<depth>3</depth>
	</size>
	<segmented>0</segmented>
	<object>
		<name>cylinder</name>
		<pose>Unspecified</pose>
		<truncated>1</truncated>
		<difficult>0</difficult>
		<bndbox>
			<xmin>647</xmin>
			<ymin>1</ymin>
			<xmax>1621</xmax>
			<ymax>805</ymax>
		</bndbox>
	</object>
</annotation>
