<annotation>
	<folder>cylinder</folder>
	<filename>IMG_20210708_224649.jpg</filename>
	<path>C:\Users\Admin\Downloads\RealTimeObjectDetection-main\Tensorflow\workspace\images\cylinder\IMG_20210708_224649.jpg</path>
	<source>
		<database>Unknown</database>
	</source>
	<size>
		<width>260</width>
		<height>264</height>
		<depth>3</depth>
	</size>
	<segmented>0</segmented>
	<object>
		<name>cylinder</name>
		<pose>Unspecified</pose>
		<truncated>0</truncated>
		<difficult>0</difficult>
		<bndbox>
			<xmin>90</xmin>
			<ymin>34</ymin>
			<xmax>171</xmax>
			<ymax>83</ymax>
		</bndbox>
	</object>
</annotation>
