<annotation>
	<folder>cylinder</folder>
	<filename>IMG_20210712_105422.jpg</filename>
	<path>C:\Users\Admin\Downloads\RealTimeObjectDetection-main\Tensorflow\workspace\images\cylinder\IMG_20210712_105422.jpg</path>
	<source>
		<database>Unknown</database>
	</source>
	<size>
		<width>2000</width>
		<height>888</height>
		<depth>3</depth>
	</size>
	<segmented>0</segmented>
	<object>
		<name>cylinder</name>
		<pose>Unspecified</pose>
		<truncated>0</truncated>
		<difficult>0</difficult>
		<bndbox>
			<xmin>284</xmin>
			<ymin>28</ymin>
			<xmax>858</xmax>
			<ymax>473</ymax>
		</bndbox>
	</object>
	<object>
		<name>cylinder</name>
		<pose>Unspecified</pose>
		<truncated>0</truncated>
		<difficult>0</difficult>
		<bndbox>
			<xmin>1198</xmin>
			<ymin>64</ymin>
			<xmax>1838</xmax>
			<ymax>534</ymax>
		</bndbox>
	</object>
</annotation>
