<annotation>
	<folder>cylinder</folder>
	<filename>IMG_20210711_131230.jpg</filename>
	<path>C:\Users\Admin\Downloads\RealTimeObjectDetection-main\Tensorflow\workspace\images\cylinder\IMG_20210711_131230.jpg</path>
	<source>
		<database>Unknown</database>
	</source>
	<size>
		<width>1088</width>
		<height>920</height>
		<depth>3</depth>
	</size>
	<segmented>0</segmented>
	<object>
		<name>cylinder</name>
		<pose>Unspecified</pose>
		<truncated>0</truncated>
		<difficult>0</difficult>
		<bndbox>
			<xmin>273</xmin>
			<ymin>374</ymin>
			<xmax>649</xmax>
			<ymax>728</ymax>
		</bndbox>
	</object>
	<object>
		<name>cylinder</name>
		<pose>Unspecified</pose>
		<truncated>0</truncated>
		<difficult>0</difficult>
		<bndbox>
			<xmin>318</xmin>
			<ymin>16</ymin>
			<xmax>604</xmax>
			<ymax>233</ymax>
		</bndbox>
	</object>
</annotation>
