<annotation>
	<folder>train</folder>
	<filename>Screenshot_2021_0224_103726.png</filename>
	<path>C:\Users\Admin\Downloads\RealTimeObjectDetection-main\Tensorflow\workspace\images\train\Screenshot_2021_0224_103726.png</path>
	<source>
		<database>Unknown</database>
	</source>
	<size>
		<width>972</width>
		<height>1033</height>
		<depth>3</depth>
	</size>
	<segmented>0</segmented>
	<object>
		<name>cylinder</name>
		<pose>Unspecified</pose>
		<truncated>0</truncated>
		<difficult>0</difficult>
		<bndbox>
			<xmin>99</xmin>
			<ymin>97</ymin>
			<xmax>626</xmax>
			<ymax>358</ymax>
		</bndbox>
	</object>
</annotation>
