<annotation>
	<folder>cylinder</folder>
	<filename>Screenshot_2021_0708_183457.png</filename>
	<path>C:\Users\Admin\Downloads\RealTimeObjectDetection-main\Tensorflow\workspace\images\cylinder\Screenshot_2021_0708_183457.png</path>
	<source>
		<database>Unknown</database>
	</source>
	<size>
		<width>849</width>
		<height>672</height>
		<depth>3</depth>
	</size>
	<segmented>0</segmented>
	<object>
		<name>cylinder</name>
		<pose>Unspecified</pose>
		<truncated>0</truncated>
		<difficult>0</difficult>
		<bndbox>
			<xmin>147</xmin>
			<ymin>72</ymin>
			<xmax>716</xmax>
			<ymax>617</ymax>
		</bndbox>
	</object>
</annotation>
