<annotation>
	<folder>train</folder>
	<filename>Screenshot_2021_0205_133516.png</filename>
	<path>C:\Users\Admin\Downloads\RealTimeObjectDetection-main\Tensorflow\workspace\images\train\Screenshot_2021_0205_133516.png</path>
	<source>
		<database>Unknown</database>
	</source>
	<size>
		<width>1079</width>
		<height>596</height>
		<depth>3</depth>
	</size>
	<segmented>0</segmented>
	<object>
		<name>cylinder</name>
		<pose>Unspecified</pose>
		<truncated>1</truncated>
		<difficult>0</difficult>
		<bndbox>
			<xmin>277</xmin>
			<ymin>1</ymin>
			<xmax>830</xmax>
			<ymax>388</ymax>
		</bndbox>
	</object>
</annotation>
