<annotation>
	<folder>cylinder</folder>
	<filename>vUwhp6HzU61BCGtDNUUxlUfttjnAdvjyQewzml8Y.jpeg</filename>
	<path>C:\Users\Admin\Downloads\RealTimeObjectDetection-main\Tensorflow\workspace\images\cylinder\vUwhp6HzU61BCGtDNUUxlUfttjnAdvjyQewzml8Y.jpeg</path>
	<source>
		<database>Unknown</database>
	</source>
	<size>
		<width>1205</width>
		<height>1446</height>
		<depth>3</depth>
	</size>
	<segmented>0</segmented>
	<object>
		<name>cylinder</name>
		<pose>Unspecified</pose>
		<truncated>1</truncated>
		<difficult>0</difficult>
		<bndbox>
			<xmin>1</xmin>
			<ymin>12</ymin>
			<xmax>1202</xmax>
			<ymax>1003</ymax>
		</bndbox>
	</object>
</annotation>
